,ts,open,high,low,close,volume
0,1520834400000,3.99e-06,4.8e-06,2.87e-06,3.55e-06,260035837.0
1,1520838000000,3.57e-06,3.7e-06,3.15e-06,3.25e-06,122521402.0
2,1520841600000,3.25e-06,3.34e-06,3.12e-06,3.23e-06,62500365.0
3,1520845200000,3.23e-06,3.29e-06,3.06e-06,3.13e-06,37561713.0
4,1520848800000,3.12e-06,3.19e-06,3.09e-06,3.13e-06,22143407.0
5,1520852400000,3.13e-06,3.33e-06,3.13e-06,3.15e-06,51627122.0
6,1520856000000,3.15e-06,3.2e-06,3.07e-06,3.15e-06,33318278.0
7,1520859600000,3.15e-06,3.15e-06,3.05e-06,3.12e-06,22390202.0
8,1520863200000,3.12e-06,3.13e-06,2.88e-06,3e-06,52999664.0
9,1520866800000,3e-06,3.09e-06,2.88e-06,3e-06,41494901.0
10,1520870400000,3e-06,3.02e-06,2.79e-06,2.8e-06,49678702.0
11,1520874000000,2.81e-06,2.81e-06,2.67e-06,2.79e-06,53615333.0
12,1520877600000,2.8e-06,2.88e-06,2.71e-06,2.8e-06,54366389.0
13,1520881200000,2.81e-06,2.84e-06,2.77e-06,2.81e-06,22893803.0
14,1520884800000,2.82e-06,3.17e-06,2.81e-06,3.09e-06,94688104.0
15,1520888400000,3.1e-06,3.21e-06,2.98e-06,3.01e-06,71487813.0
16,1520892000000,3.02e-06,3.19e-06,3e-06,3.08e-06,42821298.0
17,1520895600000,3.08e-06,3.11e-06,3.01e-06,3.04e-06,28116397.0
18,1520899200000,3.04e-06,3.05e-06,2.92e-06,3e-06,28616361.0
19,1520902800000,3e-06,3.04e-06,2.93e-06,2.95e-06,12870963.0
20,1520906400000,2.96e-06,2.96e-06,2.83e-06,2.85e-06,20642981.0
21,1520910000000,2.87e-06,2.87e-06,2.78e-06,2.85e-06,23452864.0
22,1520913600000,2.85e-06,2.9e-06,2.8e-06,2.85e-06,22329720.0
23,1520917200000,2.85e-06,2.93e-06,2.85e-06,2.9e-06,18995022.0
24,1520920800000,2.9e-06,2.91e-06,2.79e-06,2.84e-06,17833315.0
25,1520924400000,2.83e-06,2.86e-06,2.81e-06,2.82e-06,14699060.0
26,1520928000000,2.83e-06,2.92e-06,2.75e-06,2.88e-06,32781659.0
27,1520931600000,2.87e-06,2.9e-06,2.81e-06,2.86e-06,15062459.0
28,1520935200000,2.87e-06,3.08e-06,2.86e-06,3.04e-06,40378018.0
29,1520938800000,3.01e-06,3.04e-06,2.93e-06,2.97e-06,15599239.0
30,1520942400000,2.97e-06,2.98e-06,2.9e-06,2.9e-06,10371709.0
31,1520946000000,2.9e-06,3.01e-06,2.67e-06,2.75e-06,53177042.0
32,1520949600000,2.75e-06,2.86e-06,2.69e-06,2.74e-06,28894945.0
33,1520953200000,2.74e-06,2.81e-06,2.69e-06,2.72e-06,40178869.0
34,1520956800000,2.72e-06,2.77e-06,2.68e-06,2.74e-06,30464119.0
35,1520960400000,2.73e-06,2.88e-06,2.69e-06,2.75e-06,56800525.0
36,1520964000000,2.75e-06,2.79e-06,2.69e-06,2.75e-06,22611874.0
37,1520967600000,2.75e-06,2.77e-06,2.61e-06,2.71e-06,46290739.0
38,1520971200000,2.71e-06,2.73e-06,2.65e-06,2.69e-06,22534217.0
39,1520974800000,2.69e-06,2.73e-06,2.67e-06,2.73e-06,19940303.0
40,1520978400000,2.73e-06,2.76e-06,2.72e-06,2.74e-06,10805916.0
41,1520982000000,2.74e-06,2.85e-06,2.72e-06,2.83e-06,25657113.0
42,1520985600000,2.83e-06,2.84e-06,2.77e-06,2.78e-06,11746033.0
43,1520989200000,2.78e-06,2.79e-06,2.74e-06,2.78e-06,6650200.0
44,1520992800000,2.78e-06,2.79e-06,2.72e-06,2.76e-06,11290714.0
45,1520996400000,2.76e-06,2.76e-06,2.6e-06,2.72e-06,31013982.0
46,1521000000000,2.72e-06,2.75e-06,2.69e-06,2.72e-06,8276035.0
47,1521003600000,2.72e-06,2.73e-06,2.66e-06,2.7e-06,10647492.0
48,1521007200000,2.7e-06,2.71e-06,2.66e-06,2.69e-06,9399551.0
49,1521010800000,2.69e-06,2.7e-06,2.6e-06,2.62e-06,23152546.0
50,1521014400000,2.62e-06,2.65e-06,2.58e-06,2.64e-06,32516269.0
51,1521018000000,2.64e-06,2.7e-06,2.58e-06,2.62e-06,35543664.0
52,1521021600000,2.63e-06,2.65e-06,2.59e-06,2.64e-06,15645772.0
53,1521025200000,2.64e-06,2.67e-06,2.56e-06,2.58e-06,15997966.0
54,1521028800000,2.58e-06,2.59e-06,2.47e-06,2.54e-06,27999113.0
55,1521032400000,2.54e-06,2.56e-06,2.49e-06,2.54e-06,12067412.0
56,1521036000000,2.54e-06,2.54e-06,2.43e-06,2.44e-06,28566903.0
57,1521039600000,2.45e-06,2.55e-06,2.36e-06,2.53e-06,63066507.0
58,1521043200000,2.53e-06,2.57e-06,2.42e-06,2.48e-06,38796413.0
59,1521046800000,2.48e-06,2.49e-06,2.43e-06,2.47e-06,13710929.0
60,1521050400000,2.46e-06,2.49e-06,2.43e-06,2.48e-06,8334635.0
61,1521054000000,2.48e-06,2.55e-06,2.46e-06,2.51e-06,12547944.0
62,1521057600000,2.5e-06,2.52e-06,2.44e-06,2.48e-06,11486540.0
63,1521061200000,2.47e-06,2.49e-06,2.34e-06,2.38e-06,22287530.0
64,1521064800000,2.38e-06,2.48e-06,2.38e-06,2.42e-06,16861397.0
65,1521068400000,2.43e-06,2.45e-06,2.39e-06,2.43e-06,8197111.0
66,1521072000000,2.44e-06,2.45e-06,2.38e-06,2.39e-06,11798765.0
67,1521075600000,2.39e-06,2.4e-06,2.35e-06,2.38e-06,10619897.0
68,1521079200000,2.37e-06,2.4e-06,2.32e-06,2.34e-06,15850944.0
69,1521082800000,2.34e-06,2.37e-06,2.32e-06,2.35e-06,12832389.0
70,1521086400000,2.34e-06,2.37e-06,2.3e-06,2.37e-06,15099553.0
71,1521090000000,2.37e-06,2.54e-06,2.36e-06,2.44e-06,23485329.0
72,1521093600000,2.44e-06,2.44e-06,2.36e-06,2.38e-06,10887887.0
73,1521097200000,2.38e-06,2.43e-06,2.34e-06,2.4e-06,15268792.0
74,1521100800000,2.39e-06,2.46e-06,2.36e-06,2.41e-06,22034466.0
75,1521104400000,2.41e-06,2.51e-06,2.39e-06,2.46e-06,16293915.0
76,1521108000000,2.46e-06,2.49e-06,2.41e-06,2.42e-06,15681164.0
77,1521111600000,2.43e-06,2.43e-06,2.36e-06,2.41e-06,13482701.0
78,1521115200000,2.42e-06,2.42e-06,2.3e-06,2.36e-06,30963756.0
79,1521118800000,2.37e-06,2.38e-06,2.35e-06,2.37e-06,7029651.0
80,1521122400000,2.37e-06,2.38e-06,2.32e-06,2.37e-06,12173606.0
81,1521126000000,2.37e-06,2.38e-06,2.27e-06,2.31e-06,19070936.0
82,1521129600000,2.31e-06,2.32e-06,2.26e-06,2.3e-06,14983406.0
83,1521133200000,2.31e-06,2.38e-06,2.29e-06,2.35e-06,11299151.0
84,1521136800000,2.35e-06,2.36e-06,2.3e-06,2.31e-06,6716496.0
85,1521140400000,2.32e-06,2.34e-06,2.28e-06,2.3e-06,13531260.0
86,1521144000000,2.3e-06,2.3e-06,2.23e-06,2.27e-06,15453046.0
87,1521147600000,2.27e-06,2.29e-06,2.25e-06,2.26e-06,5948205.0
88,1521151200000,2.26e-06,2.33e-06,2.25e-06,2.31e-06,10073878.0
89,1521154800000,2.32e-06,2.35e-06,2.29e-06,2.35e-06,6124933.0
90,1521158400000,2.34e-06,2.35e-06,2.28e-06,2.29e-06,5549369.0
91,1521162000000,2.3e-06,2.32e-06,2.29e-06,2.3e-06,3030198.0
92,1521165600000,2.3e-06,2.35e-06,2.27e-06,2.33e-06,6726570.0
93,1521169200000,2.33e-06,2.34e-06,2.29e-06,2.33e-06,2331134.0
94,1521172800000,2.33e-06,2.37e-06,2.3e-06,2.37e-06,5831244.0
95,1521176400000,2.37e-06,2.5e-06,2.36e-06,2.41e-06,31259207.0
96,1521180000000,2.41e-06,2.48e-06,2.39e-06,2.46e-06,13834355.0
97,1521183600000,2.45e-06,2.46e-06,2.39e-06,2.41e-06,8036654.0
98,1521187200000,2.41e-06,2.41e-06,2.34e-06,2.37e-06,11145205.0
99,1521190800000,2.37e-06,2.42e-06,2.35e-06,2.4e-06,8451928.0
100,1521194400000,2.39e-06,2.4e-06,2.34e-06,2.36e-06,13638390.0
101,1521198000000,2.36e-06,2.39e-06,2.33e-06,2.37e-06,5651638.0
102,1521201600000,2.38e-06,2.44e-06,2.37e-06,2.42e-06,9439739.0
103,1521205200000,2.42e-06,2.42e-06,2.36e-06,2.39e-06,7949705.0
104,1521208800000,2.39e-06,2.44e-06,2.37e-06,2.44e-06,9872914.0
105,1521212400000,2.44e-06,2.65e-06,2.43e-06,2.57e-06,93772423.0
106,1521216000000,2.58e-06,2.73e-06,2.56e-06,2.62e-06,121344897.0
107,1521219600000,2.63e-06,2.69e-06,2.56e-06,2.6e-06,55139999.0
108,1521223200000,2.6e-06,2.62e-06,2.56e-06,2.56e-06,17813274.0
109,1521226800000,2.56e-06,2.58e-06,2.48e-06,2.5e-06,28014294.0
110,1521230400000,2.5e-06,2.59e-06,2.48e-06,2.55e-06,23808138.0
111,1521234000000,2.54e-06,2.59e-06,2.52e-06,2.53e-06,18044015.0
112,1521237600000,2.53e-06,2.65e-06,2.52e-06,2.58e-06,24142480.0
113,1521241200000,2.58e-06,2.62e-06,2.53e-06,2.56e-06,21608756.0
114,1521244800000,2.57e-06,2.58e-06,2.49e-06,2.55e-06,16368616.0
115,1521248400000,2.55e-06,2.57e-06,2.5e-06,2.57e-06,9642210.0
116,1521252000000,2.57e-06,2.57e-06,2.51e-06,2.56e-06,6451344.0
117,1521255600000,2.56e-06,2.66e-06,2.56e-06,2.65e-06,18979949.0
118,1521259200000,2.65e-06,2.66e-06,2.53e-06,2.56e-06,23929347.0
119,1521262800000,2.56e-06,2.58e-06,2.5e-06,2.53e-06,13855857.0
120,1521266400000,2.53e-06,2.56e-06,2.52e-06,2.55e-06,7153334.0
121,1521270000000,2.54e-06,2.6e-06,2.54e-06,2.6e-06,8823442.0
122,1521273600000,2.59e-06,2.62e-06,2.55e-06,2.57e-06,10408726.0
123,1521277200000,2.57e-06,2.67e-06,2.56e-06,2.65e-06,25237507.0
124,1521280800000,2.65e-06,2.66e-06,2.61e-06,2.61e-06,15200679.0
125,1521284400000,2.61e-06,2.72e-06,2.6e-06,2.7e-06,34207626.0
126,1521288000000,2.7e-06,2.71e-06,2.59e-06,2.6e-06,26639028.0
127,1521291600000,2.6e-06,2.65e-06,2.57e-06,2.6e-06,24270938.0
128,1521295200000,2.6e-06,2.62e-06,2.54e-06,2.57e-06,17754834.0
129,1521298800000,2.57e-06,2.57e-06,2.43e-06,2.45e-06,27051646.0
130,1521302400000,2.44e-06,2.5e-06,2.43e-06,2.48e-06,18697897.0
131,1521306000000,2.48e-06,2.49e-06,2.46e-06,2.46e-06,6159598.0
132,1521309600000,2.46e-06,2.46e-06,2.43e-06,2.43e-06,8482710.0
133,1521313200000,2.43e-06,2.44e-06,2.38e-06,2.43e-06,20085789.0
134,1521316800000,2.43e-06,2.47e-06,2.43e-06,2.44e-06,11200015.0
135,1521320400000,2.44e-06,2.5e-06,2.43e-06,2.44e-06,9875955.0
136,1521324000000,2.44e-06,2.45e-06,2.4e-06,2.43e-06,7258329.0
137,1521327600000,2.42e-06,2.43e-06,2.4e-06,2.43e-06,4205268.0
138,1521331200000,2.43e-06,2.43e-06,2.29e-06,2.3e-06,17925836.0
139,1521334800000,2.3e-06,2.35e-06,2.29e-06,2.34e-06,6746771.0
140,1521338400000,2.34e-06,2.34e-06,2.26e-06,2.27e-06,8544463.0
141,1521342000000,2.27e-06,2.32e-06,2.26e-06,2.32e-06,7476909.0
142,1521345600000,2.31e-06,2.33e-06,2.28e-06,2.28e-06,3474362.0
143,1521349200000,2.29e-06,2.35e-06,2.28e-06,2.35e-06,3889336.0
144,1521352800000,2.34e-06,2.35e-06,2.31e-06,2.34e-06,3936494.0
145,1521356400000,2.33e-06,2.34e-06,2.31e-06,2.32e-06,1976546.0
146,1521360000000,2.31e-06,2.32e-06,2.3e-06,2.3e-06,2235052.0
147,1521363600000,2.31e-06,2.31e-06,2.25e-06,2.27e-06,5776231.0
148,1521367200000,2.27e-06,2.28e-06,2.21e-06,2.22e-06,9348152.0
149,1521370800000,2.22e-06,2.24e-06,2.11e-06,2.22e-06,26903923.0
150,1521374400000,2.22e-06,2.27e-06,2.16e-06,2.2e-06,15003310.0
151,1521378000000,2.21e-06,2.25e-06,2.16e-06,2.2e-06,14327747.0
152,1521381600000,2.2e-06,2.21e-06,2.1e-06,2.15e-06,18286466.0
153,1521385200000,2.16e-06,2.16e-06,2.1e-06,2.13e-06,9480153.0
154,1521388800000,2.12e-06,2.16e-06,2.11e-06,2.13e-06,8066785.0
155,1521392400000,2.14e-06,2.2e-06,2.12e-06,2.18e-06,8021610.0
156,1521396000000,2.19e-06,2.24e-06,2.16e-06,2.2e-06,11030039.0
157,1521399600000,2.2e-06,2.2e-06,2.14e-06,2.17e-06,6865250.0
158,1521403200000,2.17e-06,2.23e-06,2.16e-06,2.19e-06,9793488.0
159,1521406800000,2.19e-06,2.33e-06,2.17e-06,2.29e-06,28895784.0
160,1521410400000,2.3e-06,2.32e-06,2.22e-06,2.24e-06,23195125.0
161,1521414000000,2.23e-06,2.31e-06,2.23e-06,2.28e-06,15036971.0
162,1521417600000,2.28e-06,2.33e-06,2.25e-06,2.31e-06,12401210.0
163,1521421200000,2.3e-06,2.31e-06,2.25e-06,2.29e-06,11776424.0
164,1521424800000,2.29e-06,2.32e-06,2.26e-06,2.3e-06,8900173.0
165,1521428400000,2.3e-06,2.32e-06,2.27e-06,2.27e-06,3143793.0
166,1521432000000,2.27e-06,2.28e-06,2.24e-06,2.27e-06,3709143.0
167,1521435600000,2.26e-06,2.26e-06,2.21e-06,2.24e-06,9387673.0
168,1521439200000,2.25e-06,2.28e-06,2.23e-06,2.23e-06,5323911.0
169,1521442800000,2.23e-06,2.28e-06,2.23e-06,2.27e-06,8478712.0
170,1521446400000,2.28e-06,2.39e-06,2.26e-06,2.31e-06,31916869.0
171,1521450000000,2.31e-06,2.33e-06,2.26e-06,2.28e-06,20134643.0
172,1521453600000,2.28e-06,2.3e-06,2.24e-06,2.28e-06,8473851.0
173,1521457200000,2.28e-06,2.32e-06,2.27e-06,2.29e-06,14112602.0
174,1521460800000,2.28e-06,2.3e-06,2.27e-06,2.28e-06,7358869.0
175,1521464400000,2.28e-06,2.3e-06,2.26e-06,2.28e-06,7390052.0
176,1521468000000,2.28e-06,2.3e-06,2.27e-06,2.27e-06,16007079.0
177,1521471600000,2.29e-06,2.3e-06,2.27e-06,2.28e-06,10090653.0
178,1521475200000,2.28e-06,2.31e-06,2.27e-06,2.29e-06,22893164.0
179,1521478800000,2.29e-06,2.3e-06,2.22e-06,2.24e-06,19220566.0
180,1521482400000,2.24e-06,2.27e-06,2.23e-06,2.24e-06,7164441.0
181,1521486000000,2.25e-06,2.25e-06,2.22e-06,2.24e-06,7180519.0
182,1521489600000,2.24e-06,2.28e-06,2.22e-06,2.25e-06,11573572.0
183,1521493200000,2.24e-06,2.29e-06,2.23e-06,2.27e-06,9756664.0
184,1521496800000,2.26e-06,2.27e-06,2.23e-06,2.25e-06,7041068.0
185,1521500400000,2.25e-06,2.26e-06,2.23e-06,2.25e-06,4932698.0
186,1521504000000,2.25e-06,2.25e-06,2.21e-06,2.23e-06,9734337.0
187,1521507600000,2.23e-06,2.27e-06,2.22e-06,2.25e-06,7275017.0
188,1521511200000,2.26e-06,2.28e-06,2.25e-06,2.26e-06,5921604.0
189,1521514800000,2.26e-06,2.28e-06,2.21e-06,2.27e-06,9349335.0
190,1521518400000,2.27e-06,2.3e-06,2.24e-06,2.24e-06,9662566.0
191,1521522000000,2.24e-06,2.25e-06,2.23e-06,2.25e-06,6742024.0
192,1521525600000,2.25e-06,2.25e-06,2.22e-06,2.23e-06,6070699.0
193,1521529200000,2.23e-06,2.24e-06,2.2e-06,2.22e-06,9186611.0
194,1521532800000,2.22e-06,2.22e-06,2.14e-06,2.18e-06,19419971.0
195,1521536400000,2.18e-06,2.2e-06,2.16e-06,2.19e-06,9178433.0
196,1521540000000,2.2e-06,2.2e-06,2.18e-06,2.19e-06,5857803.0
197,1521543600000,2.19e-06,2.23e-06,2.19e-06,2.22e-06,11849305.0
198,1521547200000,2.21e-06,2.22e-06,2.19e-06,2.2e-06,8621175.0
199,1521550800000,2.19e-06,2.2e-06,2.18e-06,2.19e-06,5631472.0
200,1521554400000,2.19e-06,2.2e-06,2.15e-06,2.17e-06,19211141.0
201,1521558000000,2.17e-06,2.2e-06,2.17e-06,2.19e-06,6927335.0
202,1521561600000,2.19e-06,2.2e-06,2.18e-06,2.2e-06,10789412.0
203,1521565200000,2.2e-06,2.2e-06,2.17e-06,2.19e-06,8677567.0
204,1521568800000,2.19e-06,2.21e-06,2.18e-06,2.19e-06,9008503.0
205,1521572400000,2.2e-06,2.2e-06,2.17e-06,2.18e-06,9963013.0
206,1521576000000,2.19e-06,2.23e-06,2.18e-06,2.22e-06,11721317.0
207,1521579600000,2.23e-06,2.23e-06,2.19e-06,2.2e-06,9419866.0
208,1521583200000,2.2e-06,2.21e-06,2.18e-06,2.18e-06,9076717.0
209,1521586800000,2.18e-06,2.19e-06,2.17e-06,2.18e-06,5787549.0
210,1521590400000,2.17e-06,2.19e-06,2.16e-06,2.19e-06,5174708.0
211,1521594000000,2.19e-06,2.19e-06,2.16e-06,2.18e-06,4942999.0
212,1521597600000,2.18e-06,2.19e-06,2.16e-06,2.18e-06,6638033.0
213,1521601200000,2.18e-06,2.19e-06,2.17e-06,2.19e-06,2370510.0
214,1521604800000,2.18e-06,2.29e-06,2.18e-06,2.25e-06,18373719.0
215,1521608400000,2.25e-06,2.26e-06,2.22e-06,2.23e-06,5170056.0
216,1521612000000,2.23e-06,2.24e-06,2.21e-06,2.22e-06,5748284.0
217,1521615600000,2.22e-06,2.23e-06,2.14e-06,2.16e-06,16435529.0
218,1521619200000,2.16e-06,2.19e-06,2.14e-06,2.18e-06,13125932.0
219,1521622800000,2.18e-06,2.19e-06,2.17e-06,2.17e-06,7803932.0
220,1521626400000,2.17e-06,2.18e-06,2.16e-06,2.18e-06,7313365.0
221,1521630000000,2.18e-06,2.19e-06,2.16e-06,2.18e-06,11047640.0
222,1521633600000,2.17e-06,2.19e-06,2.16e-06,2.18e-06,7060645.0
223,1521637200000,2.18e-06,2.21e-06,2.16e-06,2.21e-06,14264594.0
224,1521640800000,2.21e-06,2.36e-06,2.2e-06,2.28e-06,63482842.0
225,1521644400000,2.28e-06,2.52e-06,2.26e-06,2.38e-06,130235489.0
226,1521648000000,2.38e-06,2.48e-06,2.32e-06,2.45e-06,55065905.0
227,1521651600000,2.45e-06,2.8e-06,2.42e-06,2.71e-06,146676586.0
228,1521655200000,2.71e-06,3.24e-06,2.65e-06,2.95e-06,372373187.0
229,1521658800000,2.96e-06,3.11e-06,2.79e-06,3.02e-06,139410871.0
230,1521662400000,3.02e-06,3.04e-06,2.83e-06,2.84e-06,81087206.0
231,1521666000000,2.85e-06,2.97e-06,2.85e-06,2.94e-06,37399675.0
232,1521669600000,2.94e-06,3.17e-06,2.93e-06,2.99e-06,115726458.0
233,1521673200000,2.99e-06,3.09e-06,2.94e-06,2.99e-06,55218407.0
234,1521676800000,2.98e-06,3.03e-06,2.94e-06,2.96e-06,31003637.0
235,1521680400000,2.95e-06,3.13e-06,2.95e-06,3.09e-06,61650928.0
236,1521684000000,3.1e-06,3.33e-06,3.05e-06,3.19e-06,82044473.0
237,1521687600000,3.19e-06,3.27e-06,3.15e-06,3.19e-06,32724000.0
238,1521691200000,3.18e-06,3.31e-06,3.16e-06,3.23e-06,41395939.0
239,1521694800000,3.23e-06,3.27e-06,3.19e-06,3.25e-06,22297297.0
240,1521698400000,3.25e-06,3.4e-06,3.2e-06,3.34e-06,75416685.0
241,1521702000000,3.34e-06,3.34e-06,3.24e-06,3.26e-06,29111685.0
242,1521705600000,3.26e-06,3.29e-06,3.16e-06,3.2e-06,28961052.0
243,1521709200000,3.2e-06,3.25e-06,2.97e-06,3.07e-06,67018563.0
244,1521712800000,3.07e-06,3.08e-06,2.96e-06,3.03e-06,42275581.0
245,1521716400000,3.04e-06,3.06e-06,2.97e-06,3e-06,25431281.0
246,1521720000000,3e-06,3.07e-06,2.99e-06,3.05e-06,17015216.0
247,1521723600000,3.04e-06,3.05e-06,2.93e-06,2.95e-06,26304056.0
248,1521727200000,2.95e-06,2.96e-06,2.84e-06,2.85e-06,32639818.0
249,1521730800000,2.85e-06,3.04e-06,2.84e-06,3.01e-06,42817968.0
250,1521734400000,3.01e-06,3.06e-06,2.98e-06,3e-06,31373719.0
251,1521738000000,2.99e-06,3.03e-06,2.95e-06,3e-06,16370261.0
252,1521741600000,2.99e-06,3.02e-06,2.93e-06,2.96e-06,13418549.0
253,1521745200000,2.95e-06,2.97e-06,2.89e-06,2.93e-06,17408476.0
254,1521748800000,2.92e-06,2.97e-06,2.89e-06,2.96e-06,7930745.0
255,1521752400000,2.95e-06,2.96e-06,2.92e-06,2.95e-06,9995978.0
256,1521756000000,2.95e-06,2.95e-06,2.87e-06,2.9e-06,7721492.0
257,1521759600000,2.9e-06,2.91e-06,2.81e-06,2.87e-06,13427417.0
258,1521763200000,2.87e-06,2.9e-06,2.85e-06,2.88e-06,5147688.0
259,1521766800000,2.88e-06,2.94e-06,2.85e-06,2.93e-06,10236421.0
260,1521770400000,2.93e-06,2.95e-06,2.84e-06,2.87e-06,13521296.0
261,1521774000000,2.87e-06,2.9e-06,2.8e-06,2.84e-06,14018846.0
262,1521777600000,2.84e-06,2.87e-06,2.81e-06,2.81e-06,9099675.0
263,1521781200000,2.81e-06,2.84e-06,2.74e-06,2.75e-06,17522145.0
264,1521784800000,2.74e-06,2.81e-06,2.73e-06,2.76e-06,13557005.0
265,1521788400000,2.76e-06,2.79e-06,2.74e-06,2.78e-06,11431303.0
266,1521792000000,2.78e-06,2.92e-06,2.77e-06,2.85e-06,22366042.0
267,1521795600000,2.86e-06,2.89e-06,2.78e-06,2.86e-06,10606539.0
268,1521799200000,2.86e-06,2.97e-06,2.84e-06,2.96e-06,16761573.0
269,1521802800000,2.96e-06,2.98e-06,2.9e-06,2.96e-06,9180442.0
270,1521806400000,2.97e-06,3.3e-06,2.96e-06,3.14e-06,78663371.0
271,1521810000000,3.14e-06,4.26e-06,3.07e-06,4.17e-06,366400514.0
272,1521813600000,4.16e-06,4.21e-06,3.86e-06,4e-06,233320644.0
273,1521817200000,4e-06,4.24e-06,3.97e-06,4.11e-06,111351957.0
274,1521820800000,4.11e-06,6.14e-06,4.08e-06,5.28e-06,653587768.0
275,1521824400000,5.28e-06,6.6e-06,5.04e-06,6.41e-06,733640461.0
276,1521828000000,6.41e-06,9.35e-06,5.62e-06,5.86e-06,996501934.0
277,1521831600000,5.88e-06,6.46e-06,5.84e-06,6.43e-06,364739389.0
278,1521835200000,6.42e-06,7.46e-06,6.25e-06,6.36e-06,503904304.0
279,1521838800000,6.36e-06,7.15e-06,6.33e-06,6.66e-06,312752606.0
280,1521842400000,6.66e-06,7.78e-06,6.54e-06,7.78e-06,390782834.0
281,1521846000000,7.75e-06,9.1e-06,6.84e-06,7.59e-06,946484014.0
282,1521849600000,7.6e-06,8.66e-06,7.59e-06,8.48e-06,538514300.0
283,1521853200000,8.49e-06,8.54e-06,7.8e-06,7.82e-06,226604273.0
284,1521856800000,7.84e-06,7.85e-06,6.69e-06,7.16e-06,422556864.0
285,1521860400000,7.16e-06,7.98e-06,6.92e-06,7.28e-06,277625491.0
286,1521864000000,7.28e-06,7.33e-06,6.64e-06,7.07e-06,125182090.0
287,1521867600000,7.07e-06,7.13e-06,6.73e-06,6.92e-06,77288572.0
288,1521871200000,6.91e-06,7.39e-06,6.51e-06,6.99e-06,135126404.0
289,1521874800000,6.99e-06,7.25e-06,6.72e-06,6.94e-06,91825291.0
290,1521878400000,6.94e-06,7.22e-06,6.8e-06,7.06e-06,84362191.0
291,1521882000000,7.02e-06,8.04e-06,7e-06,8.01e-06,195491536.0
292,1521885600000,8.03e-06,8.09e-06,7.32e-06,7.47e-06,172328809.0
293,1521889200000,7.51e-06,7.77e-06,7.41e-06,7.46e-06,81646194.0
294,1521892800000,7.47e-06,7.5e-06,6.85e-06,7.18e-06,127548851.0
295,1521896400000,7.18e-06,7.25e-06,6.97e-06,7.16e-06,74796730.0
296,1521900000000,7.17e-06,7.23e-06,7.08e-06,7.09e-06,31127545.0
297,1521903600000,7.1e-06,7.13e-06,7e-06,7.03e-06,26354908.0
298,1521907200000,7.03e-06,7.08e-06,6.72e-06,6.74e-06,49232645.0
299,1521910800000,6.75e-06,6.92e-06,6.51e-06,6.52e-06,62763220.0
300,1521914400000,6.53e-06,6.7e-06,6.34e-06,6.67e-06,64340721.0
301,1521918000000,6.68e-06,6.69e-06,6.1e-06,6.22e-06,60545440.0
302,1521921600000,6.23e-06,6.45e-06,6.1e-06,6.39e-06,40699864.0
303,1521925200000,6.39e-06,6.4e-06,6.07e-06,6.23e-06,33341360.0
304,1521928800000,6.23e-06,6.32e-06,6.16e-06,6.23e-06,29655064.0
305,1521932400000,6.23e-06,6.23e-06,5.94e-06,6.01e-06,33909408.0
306,1521936000000,6.02e-06,6.64e-06,5.98e-06,6.32e-06,78429966.0
307,1521939600000,6.31e-06,6.36e-06,6.02e-06,6.05e-06,27208261.0
308,1521943200000,6.02e-06,6.1e-06,5.87e-06,5.94e-06,32693947.0
309,1521946800000,5.94e-06,6.2e-06,5.85e-06,6.16e-06,30487185.0
310,1521950400000,6.17e-06,6.18e-06,6.03e-06,6.11e-06,13745306.0
311,1521954000000,6.11e-06,6.29e-06,5.89e-06,5.95e-06,25082924.0
312,1521957600000,5.95e-06,6.08e-06,5.93e-06,6.03e-06,12792456.0
313,1521961200000,6.03e-06,6.15e-06,5.95e-06,5.98e-06,13867519.0
314,1521964800000,6e-06,6.39e-06,5.98e-06,6.29e-06,32213691.0
315,1521968400000,6.29e-06,6.48e-06,6.08e-06,6.36e-06,27700894.0
316,1521972000000,6.34e-06,6.36e-06,6.14e-06,6.24e-06,15306843.0
317,1521975600000,6.24e-06,6.24e-06,6.03e-06,6.11e-06,14638860.0
318,1521979200000,6.1e-06,6.21e-06,6.05e-06,6.13e-06,13798531.0
319,1521982800000,6.13e-06,6.15e-06,6.06e-06,6.08e-06,7969842.0
320,1521986400000,6.07e-06,6.4e-06,6.06e-06,6.22e-06,26497955.0
321,1521990000000,6.23e-06,6.37e-06,6.09e-06,6.26e-06,15568817.0
322,1521993600000,6.27e-06,6.27e-06,6.01e-06,6.1e-06,16667026.0
323,1521997200000,6.1e-06,6.2e-06,6e-06,6.05e-06,17274142.0
324,1522000800000,6.05e-06,6.12e-06,5.85e-06,5.97e-06,13170810.0
325,1522004400000,5.96e-06,5.97e-06,5.73e-06,5.87e-06,26381000.0
326,1522008000000,5.87e-06,5.88e-06,5.65e-06,5.79e-06,19544312.0
327,1522011600000,5.79e-06,6e-06,5.75e-06,5.87e-06,22758327.0
328,1522015200000,5.87e-06,5.97e-06,5.79e-06,5.97e-06,14308275.0
329,1522018800000,5.96e-06,6.28e-06,5.92e-06,6.28e-06,20308713.0
330,1522022400000,6.28e-06,6.29e-06,5.97e-06,6.02e-06,13987014.0
331,1522026000000,6.02e-06,6.08e-06,5.89e-06,5.96e-06,8207950.0
332,1522029600000,5.96e-06,6.08e-06,5.94e-06,6.07e-06,7357552.0
333,1522033200000,6.07e-06,6.1e-06,6.02e-06,6.05e-06,3903533.0
334,1522036800000,6.06e-06,6.07e-06,6.02e-06,6.07e-06,2332641.0
335,1522040400000,6.07e-06,6.07e-06,5.95e-06,5.97e-06,7571380.0
336,1522044000000,5.97e-06,6e-06,5.94e-06,5.95e-06,2185973.0
337,1522047600000,5.95e-06,5.98e-06,5.64e-06,5.73e-06,10200502.0
338,1522051200000,5.73e-06,5.74e-06,5.54e-06,5.59e-06,15054800.0
339,1522054800000,5.59e-06,5.59e-06,5.41e-06,5.51e-06,20452241.0
340,1522058400000,5.51e-06,5.66e-06,5.5e-06,5.51e-06,10664386.0
341,1522062000000,5.52e-06,5.61e-06,5.41e-06,5.53e-06,12300774.0
342,1522065600000,5.53e-06,5.71e-06,5.51e-06,5.64e-06,12335099.0
343,1522069200000,5.64e-06,5.68e-06,5.55e-06,5.62e-06,6208664.0
344,1522072800000,5.63e-06,5.65e-06,5.56e-06,5.6e-06,4944072.0
345,1522076400000,5.61e-06,5.62e-06,5.52e-06,5.54e-06,7459029.0
346,1522080000000,5.55e-06,5.57e-06,5.5e-06,5.55e-06,3658981.0
347,1522083600000,5.53e-06,5.53e-06,5.23e-06,5.29e-06,17277084.0
348,1522087200000,5.29e-06,5.35e-06,5.24e-06,5.3e-06,7848232.0
349,1522090800000,5.3e-06,5.37e-06,5.25e-06,5.27e-06,4128843.0
350,1522094400000,5.25e-06,5.39e-06,5.24e-06,5.34e-06,5241135.0
351,1522098000000,5.34e-06,5.35e-06,5.11e-06,5.27e-06,7487531.0
352,1522101600000,5.27e-06,5.48e-06,5.26e-06,5.35e-06,9703715.0
353,1522105200000,5.37e-06,5.52e-06,5.34e-06,5.48e-06,8944479.0
354,1522108800000,5.44e-06,5.5e-06,5.24e-06,5.25e-06,9731225.0
355,1522112400000,5.27e-06,5.28e-06,4.91e-06,4.93e-06,28776834.0
356,1522116000000,4.92e-06,5.02e-06,4.83e-06,4.84e-06,14829088.0
357,1522119600000,4.86e-06,4.95e-06,4.84e-06,4.85e-06,9192463.0
358,1522123200000,4.86e-06,4.87e-06,4.65e-06,4.68e-06,8536489.0
359,1522126800000,4.67e-06,5e-06,4.6e-06,4.82e-06,18503959.0
360,1522130400000,4.82e-06,4.98e-06,4.77e-06,4.94e-06,7664073.0
361,1522134000000,4.95e-06,4.97e-06,4.84e-06,4.87e-06,4186581.0
362,1522137600000,4.87e-06,4.89e-06,4.72e-06,4.82e-06,5740742.0
363,1522141200000,4.81e-06,4.86e-06,4.75e-06,4.82e-06,2089552.0
364,1522144800000,4.82e-06,4.91e-06,4.81e-06,4.9e-06,2075753.0
365,1522148400000,4.88e-06,4.95e-06,4.84e-06,4.89e-06,3096306.0
366,1522152000000,4.89e-06,4.9e-06,4.79e-06,4.81e-06,3518295.0
367,1522155600000,4.81e-06,5.25e-06,4.81e-06,5.17e-06,16115403.0
368,1522159200000,5.16e-06,5.17e-06,4.81e-06,4.97e-06,23285415.0
369,1522162800000,4.97e-06,5.17e-06,4.92e-06,5e-06,14261326.0
370,1522166400000,5e-06,5.03e-06,4.77e-06,4.91e-06,16544956.0
371,1522170000000,4.91e-06,5.04e-06,4.78e-06,4.83e-06,15696961.0
372,1522173600000,4.83e-06,4.92e-06,4.75e-06,4.88e-06,10953396.0
373,1522177200000,4.88e-06,4.89e-06,4.74e-06,4.82e-06,5928639.0
374,1522180800000,4.82e-06,4.9e-06,4.79e-06,4.89e-06,3816969.0
375,1522184400000,4.88e-06,4.92e-06,4.71e-06,4.8e-06,9806016.0
376,1522188000000,4.8e-06,4.86e-06,4.8e-06,4.86e-06,2871831.0
377,1522191600000,4.86e-06,4.87e-06,4.79e-06,4.83e-06,2278639.0
378,1522195200000,4.84e-06,4.9e-06,4.74e-06,4.75e-06,3216926.0
379,1522198800000,4.75e-06,4.83e-06,4.73e-06,4.79e-06,2527737.0
380,1522202400000,4.8e-06,4.83e-06,4.66e-06,4.68e-06,4984700.0
381,1522206000000,4.68e-06,4.87e-06,4.68e-06,4.86e-06,5455342.0
382,1522209600000,4.86e-06,4.88e-06,4.73e-06,4.78e-06,4392532.0
383,1522213200000,4.78e-06,4.82e-06,4.74e-06,4.76e-06,1898857.0
384,1522216800000,4.76e-06,4.82e-06,4.62e-06,4.8e-06,11416696.0
385,1522220400000,4.81e-06,4.85e-06,4.77e-06,4.8e-06,2145840.0
386,1522224000000,4.8e-06,4.8e-06,4.69e-06,4.75e-06,4409794.0
387,1522227600000,4.75e-06,6.15e-06,4.72e-06,5.9e-06,126939748.0
388,1522231200000,5.93e-06,6.38e-06,5.29e-06,5.45e-06,378591718.0
389,1522234800000,5.45e-06,5.54e-06,5.21e-06,5.33e-06,127038384.0
390,1522238400000,5.34e-06,5.44e-06,5.08e-06,5.14e-06,73368107.0
391,1522242000000,5.14e-06,5.27e-06,5.04e-06,5.11e-06,45526271.0
392,1522245600000,5.11e-06,5.16e-06,4.98e-06,5e-06,36534700.0
393,1522249200000,5e-06,5.2e-06,4.91e-06,4.94e-06,54519757.0
394,1522252800000,4.93e-06,5.03e-06,4.92e-06,4.98e-06,14959945.0
395,1522256400000,4.96e-06,5.12e-06,4.95e-06,5.03e-06,25454045.0
396,1522260000000,5.04e-06,5.04e-06,4.95e-06,4.99e-06,15199899.0
397,1522263600000,4.99e-06,5.3e-06,4.97e-06,5.13e-06,74491836.0
398,1522267200000,5.13e-06,5.5e-06,5.06e-06,5.22e-06,119355103.0
399,1522270800000,5.22e-06,5.32e-06,5.09e-06,5.14e-06,48703664.0
400,1522274400000,5.16e-06,5.28e-06,5.01e-06,5.16e-06,42737300.0
401,1522278000000,5.17e-06,5.22e-06,5.09e-06,5.2e-06,26829038.0
402,1522281600000,5.2e-06,5.21e-06,5.02e-06,5.06e-06,16966992.0
403,1522285200000,5.06e-06,5.13e-06,5.04e-06,5.04e-06,11899548.0
404,1522288800000,5.06e-06,5.14e-06,5.03e-06,5.09e-06,14345308.0
405,1522292400000,5.08e-06,5.16e-06,5.07e-06,5.12e-06,15037256.0
406,1522296000000,5.12e-06,5.14e-06,4.91e-06,4.95e-06,22006501.0
407,1522299600000,4.96e-06,5.11e-06,4.93e-06,5.03e-06,13373872.0
408,1522303200000,5.04e-06,5.13e-06,5.01e-06,5.13e-06,17790774.0
409,1522306800000,5.13e-06,5.19e-06,5.07e-06,5.16e-06,16633576.0
410,1522310400000,5.16e-06,5.39e-06,5.13e-06,5.28e-06,53223924.0
411,1522314000000,5.27e-06,5.35e-06,5.13e-06,5.18e-06,28785769.0
412,1522317600000,5.18e-06,5.25e-06,5.13e-06,5.18e-06,15496088.0
413,1522321200000,5.18e-06,5.22e-06,5.15e-06,5.17e-06,12800792.0
414,1522324800000,5.17e-06,5.32e-06,5.17e-06,5.22e-06,26294491.0
415,1522328400000,5.22e-06,5.4e-06,5.19e-06,5.25e-06,17375341.0
416,1522332000000,5.25e-06,5.29e-06,5.18e-06,5.23e-06,12483375.0
417,1522335600000,5.24e-06,5.28e-06,5.19e-06,5.28e-06,9210018.0
418,1522339200000,5.28e-06,5.64e-06,5.25e-06,5.32e-06,82085114.0
419,1522342800000,5.33e-06,5.34e-06,5.24e-06,5.27e-06,22678439.0
420,1522346400000,5.27e-06,5.31e-06,5.22e-06,5.25e-06,7925813.0
421,1522350000000,5.25e-06,5.35e-06,5.23e-06,5.25e-06,11272147.0
422,1522353600000,5.26e-06,5.27e-06,5.06e-06,5.09e-06,22767423.0
423,1522357200000,5.08e-06,5.26e-06,5.06e-06,5.25e-06,15891109.0
424,1522360800000,5.23e-06,5.3e-06,5.11e-06,5.24e-06,8646138.0
425,1522364400000,5.24e-06,5.25e-06,5.18e-06,5.2e-06,7554997.0
426,1522368000000,5.21e-06,5.21e-06,5.09e-06,5.17e-06,8220152.0
427,1522371600000,5.17e-06,5.29e-06,5.15e-06,5.27e-06,8366261.0
428,1522375200000,5.28e-06,5.3e-06,5.21e-06,5.23e-06,3896766.0
429,1522378800000,5.23e-06,5.27e-06,5.21e-06,5.24e-06,3166255.0
430,1522382400000,5.25e-06,5.36e-06,5.22e-06,5.36e-06,5201890.0
431,1522386000000,5.35e-06,5.52e-06,5.25e-06,5.36e-06,23435994.0
432,1522389600000,5.35e-06,5.41e-06,5.28e-06,5.35e-06,10031722.0
433,1522393200000,5.35e-06,5.46e-06,5.33e-06,5.37e-06,8432812.0
434,1522396800000,5.38e-06,5.4e-06,5.28e-06,5.31e-06,5366374.0
435,1522400400000,5.31e-06,5.33e-06,5.26e-06,5.27e-06,3138795.0
436,1522404000000,5.27e-06,5.41e-06,5.26e-06,5.29e-06,6517472.0
437,1522407600000,5.29e-06,5.37e-06,5.29e-06,5.32e-06,2980448.0
438,1522411200000,5.32e-06,5.36e-06,5.3e-06,5.34e-06,2203048.0
439,1522414800000,5.34e-06,5.35e-06,5.19e-06,5.26e-06,7197777.0
440,1522418400000,5.25e-06,5.29e-06,5.21e-06,5.24e-06,3735522.0
441,1522422000000,5.25e-06,5.3e-06,5.23e-06,5.28e-06,4208727.0
442,1522425600000,5.29e-06,5.29e-06,5.23e-06,5.26e-06,3921397.0
443,1522429200000,5.26e-06,5.31e-06,5.25e-06,5.26e-06,2623421.0
444,1522432800000,5.26e-06,5.32e-06,5.25e-06,5.3e-06,2703811.0
445,1522436400000,5.3e-06,5.3e-06,5.23e-06,5.24e-06,2695708.0
446,1522440000000,5.25e-06,5.28e-06,5.22e-06,5.28e-06,3694617.0
447,1522443600000,5.28e-06,5.31e-06,5.23e-06,5.27e-06,3182168.0
448,1522447200000,5.27e-06,5.3e-06,5.24e-06,5.25e-06,2861954.0
449,1522450800000,5.25e-06,5.3e-06,5.25e-06,5.28e-06,1996051.0
450,1522454400000,5.27e-06,5.31e-06,5.25e-06,5.27e-06,4117815.0
451,1522458000000,5.27e-06,5.27e-06,5.21e-06,5.24e-06,8402848.0
452,1522461600000,5.23e-06,5.27e-06,5.22e-06,5.25e-06,2869835.0
453,1522465200000,5.26e-06,5.26e-06,5.21e-06,5.23e-06,2238773.0
454,1522468800000,5.22e-06,5.23e-06,5.17e-06,5.21e-06,4340338.0
455,1522472400000,5.21e-06,5.24e-06,5.12e-06,5.19e-06,3738658.0
456,1522476000000,5.18e-06,5.22e-06,5.11e-06,5.19e-06,4098077.0
457,1522479600000,5.19e-06,5.25e-06,5.17e-06,5.19e-06,1830637.0
458,1522483200000,5.2e-06,5.23e-06,5.17e-06,5.2e-06,6944946.0
459,1522486800000,5.19e-06,5.23e-06,5.19e-06,5.21e-06,1175105.0
460,1522490400000,5.22e-06,5.25e-06,5.13e-06,5.15e-06,4726172.0
461,1522494000000,5.14e-06,5.18e-06,5.08e-06,5.14e-06,5614940.0
462,1522497600000,5.13e-06,5.17e-06,5.01e-06,5.03e-06,6868787.0
463,1522501200000,5.02e-06,5.11e-06,5.02e-06,5.04e-06,4991357.0
464,1522504800000,5.06e-06,5.07e-06,4.92e-06,4.94e-06,10112342.0
465,1522508400000,4.94e-06,4.99e-06,4.85e-06,4.95e-06,9582637.0
466,1522512000000,4.96e-06,4.99e-06,4.85e-06,4.86e-06,7407243.0
467,1522515600000,4.86e-06,4.96e-06,4.86e-06,4.94e-06,6536733.0
468,1522519200000,4.94e-06,4.99e-06,4.89e-06,4.94e-06,2761965.0
469,1522522800000,4.93e-06,4.94e-06,4.87e-06,4.9e-06,2737676.0
470,1522526400000,4.89e-06,4.93e-06,4.88e-06,4.9e-06,3618536.0
471,1522530000000,4.91e-06,4.95e-06,4.86e-06,4.87e-06,2578239.0
472,1522533600000,4.87e-06,5.1e-06,4.76e-06,4.81e-06,19093797.0
473,1522537200000,4.81e-06,4.85e-06,4.78e-06,4.85e-06,2736187.0
474,1522540800000,4.85e-06,4.88e-06,4.5e-06,4.6e-06,21929800.0
475,1522544400000,4.6e-06,4.6e-06,4.45e-06,4.51e-06,15472539.0
476,1522548000000,4.52e-06,4.54e-06,4.43e-06,4.45e-06,9470478.0
477,1522551600000,4.45e-06,4.62e-06,4.37e-06,4.49e-06,21170135.0
478,1522555200000,4.49e-06,4.53e-06,4.43e-06,4.46e-06,6015090.0
479,1522558800000,4.45e-06,4.54e-06,4.43e-06,4.5e-06,3238048.0
480,1522562400000,4.49e-06,4.53e-06,4.41e-06,4.44e-06,5948471.0
481,1522566000000,4.44e-06,4.45e-06,4.3e-06,4.34e-06,6976251.0
482,1522569600000,4.34e-06,4.58e-06,4.32e-06,4.47e-06,8402636.0
483,1522573200000,4.47e-06,4.47e-06,4.32e-06,4.39e-06,5116612.0
484,1522576800000,4.38e-06,4.46e-06,4.3e-06,4.44e-06,6773778.0
485,1522580400000,4.44e-06,4.45e-06,4.34e-06,4.37e-06,3687914.0
486,1522584000000,4.37e-06,4.41e-06,4.34e-06,4.41e-06,4513873.0
487,1522587600000,4.41e-06,4.53e-06,4.33e-06,4.36e-06,14167138.0
488,1522591200000,4.36e-06,4.43e-06,4.23e-06,4.41e-06,9558051.0
489,1522594800000,4.41e-06,4.43e-06,4.34e-06,4.36e-06,2411542.0
490,1522598400000,4.36e-06,4.52e-06,4.34e-06,4.52e-06,7040273.0
491,1522602000000,4.51e-06,4.74e-06,4.49e-06,4.55e-06,19754411.0
492,1522605600000,4.55e-06,4.56e-06,4.42e-06,4.46e-06,5245660.0
493,1522609200000,4.46e-06,4.54e-06,4.43e-06,4.47e-06,5519759.0
494,1522612800000,4.46e-06,4.47e-06,4.37e-06,4.38e-06,4027381.0
495,1522616400000,4.39e-06,4.51e-06,4.38e-06,4.45e-06,3314056.0
496,1522620000000,4.42e-06,4.46e-06,4.38e-06,4.41e-06,2313278.0
497,1522623600000,4.4e-06,4.42e-06,4.38e-06,4.41e-06,870448.0
498,1522627200000,4.41e-06,4.42e-06,4.26e-06,4.29e-06,5085170.0
499,1522630800000,4.28e-06,4.43e-06,4.21e-06,4.23e-06,9229317.0
500,1522634400000,4.24e-06,4.27e-06,4.17e-06,4.23e-06,7606383.0
501,1522638000000,4.22e-06,4.23e-06,4.16e-06,4.18e-06,3459056.0
502,1522641600000,4.2e-06,4.28e-06,4.18e-06,4.21e-06,3404171.0
503,1522645200000,4.22e-06,4.24e-06,4.17e-06,4.21e-06,2201272.0
504,1522648800000,4.2e-06,4.21e-06,4.07e-06,4.12e-06,12101025.0
505,1522652400000,4.12e-06,4.37e-06,4.1e-06,4.26e-06,9372755.0
506,1522656000000,4.25e-06,4.31e-06,4.21e-06,4.27e-06,5721320.0
507,1522659600000,4.26e-06,4.29e-06,4.22e-06,4.23e-06,2130589.0
508,1522663200000,4.24e-06,4.58e-06,4.24e-06,4.41e-06,22443602.0
509,1522666800000,4.41e-06,4.54e-06,4.4e-06,4.43e-06,14158904.0
510,1522670400000,4.43e-06,4.44e-06,4.31e-06,4.34e-06,3973392.0
511,1522674000000,4.37e-06,4.42e-06,4.31e-06,4.38e-06,7483604.0
512,1522677600000,4.38e-06,4.39e-06,4.27e-06,4.28e-06,5744575.0
513,1522681200000,4.28e-06,4.36e-06,4.25e-06,4.27e-06,4704256.0
514,1522684800000,4.27e-06,4.39e-06,4.26e-06,4.3e-06,6566246.0
515,1522688400000,4.29e-06,4.41e-06,4.25e-06,4.3e-06,9583354.0
516,1522692000000,4.3e-06,4.34e-06,4.25e-06,4.28e-06,5031175.0
517,1522695600000,4.27e-06,4.3e-06,4.25e-06,4.28e-06,1890898.0
518,1522699200000,4.29e-06,4.3e-06,4.27e-06,4.29e-06,1772671.0
519,1522702800000,4.29e-06,4.36e-06,4.28e-06,4.3e-06,2929193.0
520,1522706400000,4.3e-06,4.35e-06,4.21e-06,4.33e-06,6747970.0
521,1522710000000,4.33e-06,4.43e-06,4.33e-06,4.37e-06,9283563.0
522,1522713600000,4.38e-06,4.38e-06,4.19e-06,4.26e-06,8560304.0
523,1522717200000,4.25e-06,4.26e-06,4.18e-06,4.21e-06,4930050.0
524,1522720800000,4.2e-06,4.25e-06,4.17e-06,4.22e-06,3931256.0
525,1522724400000,4.22e-06,4.3e-06,4.14e-06,4.23e-06,7109932.0
526,1522728000000,4.23e-06,4.4e-06,4.19e-06,4.29e-06,14208249.0
527,1522731600000,4.29e-06,4.36e-06,4.24e-06,4.33e-06,11538093.0
528,1522735200000,4.34e-06,4.43e-06,4.25e-06,4.43e-06,7288816.0
529,1522738800000,4.43e-06,4.43e-06,4.26e-06,4.35e-06,6675930.0
530,1522742400000,4.34e-06,4.45e-06,4.3e-06,4.39e-06,7057248.0
531,1522746000000,4.4e-06,4.52e-06,4.31e-06,4.32e-06,17472990.0
532,1522749600000,4.32e-06,4.37e-06,4.28e-06,4.3e-06,5762489.0
533,1522753200000,4.29e-06,4.31e-06,4.27e-06,4.3e-06,5787481.0
534,1522756800000,4.3e-06,4.4e-06,4.29e-06,4.31e-06,9231243.0
535,1522760400000,4.31e-06,4.34e-06,4.24e-06,4.26e-06,9128450.0
536,1522764000000,4.26e-06,4.32e-06,4.24e-06,4.32e-06,3044725.0
537,1522767600000,4.31e-06,4.34e-06,4.24e-06,4.26e-06,6581278.0
538,1522771200000,4.26e-06,4.29e-06,4.22e-06,4.24e-06,4159794.0
539,1522774800000,4.24e-06,4.26e-06,4.22e-06,4.22e-06,2206364.0
540,1522778400000,4.24e-06,4.29e-06,4.21e-06,4.26e-06,3307926.0
541,1522782000000,4.25e-06,4.27e-06,4.1e-06,4.19e-06,7556117.0
542,1522785600000,4.2e-06,4.31e-06,4.17e-06,4.24e-06,5770595.0
543,1522789200000,4.26e-06,4.36e-06,4.23e-06,4.29e-06,6673291.0
544,1522792800000,4.28e-06,4.31e-06,4.22e-06,4.28e-06,2568102.0
545,1522796400000,4.28e-06,4.32e-06,4.28e-06,4.31e-06,2614095.0
546,1522800000000,4.3e-06,4.31e-06,4.27e-06,4.31e-06,4546009.0
547,1522803600000,4.3e-06,4.32e-06,4.21e-06,4.23e-06,3586545.0
548,1522807200000,4.23e-06,4.25e-06,4.16e-06,4.19e-06,1780409.0
549,1522810800000,4.2e-06,4.22e-06,4.15e-06,4.16e-06,3761377.0
550,1522814400000,4.16e-06,4.21e-06,4.14e-06,4.18e-06,2125470.0
551,1522818000000,4.18e-06,4.23e-06,4.17e-06,4.17e-06,3789017.0
552,1522821600000,4.17e-06,4.2e-06,4.14e-06,4.17e-06,2212111.0
553,1522825200000,4.18e-06,4.21e-06,4.17e-06,4.18e-06,2484387.0
554,1522828800000,4.19e-06,4.2e-06,4.17e-06,4.19e-06,1735887.0
555,1522832400000,4.2e-06,4.2e-06,4.13e-06,4.17e-06,3985904.0
556,1522836000000,4.15e-06,4.2e-06,4.13e-06,4.16e-06,1455883.0
557,1522839600000,4.16e-06,4.19e-06,4.11e-06,4.13e-06,2711958.0
558,1522843200000,4.14e-06,4.17e-06,4.13e-06,4.15e-06,1244280.0
559,1522846800000,4.15e-06,4.19e-06,4.11e-06,4.16e-06,2843269.0
560,1522850400000,4.15e-06,4.16e-06,4.11e-06,4.13e-06,4784894.0
561,1522854000000,4.14e-06,4.21e-06,4.12e-06,4.17e-06,4947438.0
562,1522857600000,4.17e-06,4.21e-06,4.13e-06,4.18e-06,3367443.0
563,1522861200000,4.19e-06,4.23e-06,4.16e-06,4.18e-06,3010306.0
564,1522864800000,4.18e-06,5.78e-06,4.14e-06,5.31e-06,185107728.0
565,1522868400000,5.31e-06,5.39e-06,4.56e-06,4.74e-06,299956360.0
566,1522872000000,4.72e-06,4.87e-06,4.46e-06,4.52e-06,94458884.0
567,1522875600000,4.51e-06,4.53e-06,4.37e-06,4.5e-06,28912607.0
568,1522879200000,4.48e-06,4.51e-06,4.35e-06,4.4e-06,12681162.0
569,1522882800000,4.4e-06,4.49e-06,4.38e-06,4.41e-06,12996384.0
570,1522886400000,4.41e-06,4.46e-06,4.33e-06,4.37e-06,10951810.0
571,1522890000000,4.37e-06,4.4e-06,4.25e-06,4.35e-06,15931291.0
572,1522893600000,4.34e-06,4.37e-06,4.29e-06,4.32e-06,8506844.0
573,1522897200000,4.34e-06,4.44e-06,4.3e-06,4.39e-06,11324493.0
574,1522900800000,4.37e-06,4.73e-06,4.28e-06,4.45e-06,44713392.0
575,1522904400000,4.44e-06,4.61e-06,4.33e-06,4.35e-06,44524889.0
576,1522908000000,4.35e-06,4.4e-06,4.28e-06,4.3e-06,16675738.0
577,1522911600000,4.3e-06,4.34e-06,4.15e-06,4.2e-06,30992413.0
578,1522915200000,4.2e-06,4.29e-06,4.13e-06,4.18e-06,27602935.0
579,1522918800000,4.19e-06,4.19e-06,4.07e-06,4.13e-06,29772971.0
580,1522922400000,4.13e-06,4.26e-06,4.07e-06,4.25e-06,22057036.0
581,1522926000000,4.25e-06,4.37e-06,4.15e-06,4.19e-06,40767687.0
582,1522929600000,4.19e-06,4.22e-06,4.1e-06,4.14e-06,16069187.0
583,1522933200000,4.14e-06,4.21e-06,4.11e-06,4.14e-06,16126813.0
584,1522936800000,4.14e-06,4.26e-06,4.13e-06,4.18e-06,37686138.0
585,1522940400000,4.17e-06,4.24e-06,4.15e-06,4.19e-06,17927254.0
586,1522944000000,4.19e-06,4.23e-06,4.15e-06,4.16e-06,10976113.0
587,1522947600000,4.16e-06,4.18e-06,4.07e-06,4.11e-06,21084051.0
588,1522951200000,4.11e-06,4.17e-06,4.09e-06,4.15e-06,9675120.0
589,1522954800000,4.15e-06,4.2e-06,4.12e-06,4.15e-06,10227459.0
590,1522958400000,4.15e-06,4.18e-06,4.12e-06,4.14e-06,7857565.0
591,1522962000000,4.14e-06,4.17e-06,4.1e-06,4.16e-06,8109509.0
592,1522965600000,4.15e-06,4.18e-06,4.13e-06,4.15e-06,6895412.0
593,1522969200000,4.15e-06,4.17e-06,4.12e-06,4.16e-06,5780570.0
594,1522972800000,4.16e-06,4.25e-06,4.15e-06,4.18e-06,10143808.0
595,1522976400000,4.17e-06,4.18e-06,4.12e-06,4.14e-06,4564834.0
596,1522980000000,4.13e-06,4.17e-06,4.12e-06,4.12e-06,5327170.0
597,1522983600000,4.13e-06,4.16e-06,4.08e-06,4.13e-06,8419438.0
598,1522987200000,4.14e-06,4.16e-06,4.11e-06,4.12e-06,4025532.0
599,1522990800000,4.12e-06,4.16e-06,4.11e-06,4.14e-06,5616615.0
600,1522994400000,4.13e-06,4.15e-06,4.07e-06,4.09e-06,12162783.0
601,1522998000000,4.1e-06,4.11e-06,3.92e-06,3.99e-06,26093986.0
602,1523001600000,3.99e-06,4.05e-06,3.98e-06,4.04e-06,10958055.0
603,1523005200000,4.04e-06,4.06e-06,3.98e-06,4e-06,8871004.0
604,1523008800000,4e-06,4e-06,3.86e-06,3.89e-06,16870641.0
605,1523012400000,3.88e-06,4.02e-06,3.84e-06,3.96e-06,14321126.0
606,1523016000000,3.95e-06,3.99e-06,3.93e-06,3.99e-06,3959540.0
607,1523019600000,3.99e-06,4e-06,3.93e-06,3.98e-06,7117791.0
608,1523023200000,3.98e-06,4.02e-06,3.96e-06,4e-06,3654102.0
609,1523026800000,3.99e-06,4.02e-06,3.98e-06,3.98e-06,2689611.0
610,1523030400000,3.99e-06,4e-06,3.94e-06,3.98e-06,7943480.0
611,1523034000000,3.98e-06,4e-06,3.95e-06,3.97e-06,2613787.0
612,1523037600000,3.97e-06,3.98e-06,3.92e-06,3.95e-06,5016381.0
613,1523041200000,3.95e-06,4.01e-06,3.94e-06,4e-06,3611250.0
614,1523044800000,4.01e-06,4.05e-06,3.96e-06,3.97e-06,6830733.0
615,1523048400000,3.97e-06,4.05e-06,3.97e-06,4.05e-06,5082743.0
616,1523052000000,4.05e-06,4.11e-06,4.01e-06,4.05e-06,5984649.0
617,1523055600000,4.04e-06,4.05e-06,4.01e-06,4.04e-06,2131672.0
618,1523059200000,4.03e-06,4.04e-06,3.99e-06,3.99e-06,2486296.0
619,1523062800000,3.99e-06,4e-06,3.95e-06,3.99e-06,4949770.0
620,1523066400000,3.98e-06,3.99e-06,3.94e-06,3.96e-06,5312281.0
621,1523070000000,3.96e-06,3.99e-06,3.95e-06,3.99e-06,4406378.0
622,1523073600000,3.98e-06,4.22e-06,3.98e-06,4.09e-06,25227930.0
623,1523077200000,4.09e-06,4.25e-06,4.08e-06,4.17e-06,18381777.0
624,1523080800000,4.16e-06,4.18e-06,4.06e-06,4.12e-06,8998626.0
625,1523084400000,4.12e-06,4.12e-06,4.03e-06,4.06e-06,9197325.0
626,1523088000000,4.06e-06,4.12e-06,4.01e-06,4.03e-06,8085718.0
627,1523091600000,4.02e-06,4.03e-06,3.97e-06,4e-06,7323720.0
628,1523095200000,4e-06,4.04e-06,3.97e-06,4.01e-06,5444706.0
629,1523098800000,4e-06,4.04e-06,4e-06,4.01e-06,5572415.0
630,1523102400000,4.01e-06,4.09e-06,4e-06,4.03e-06,13803819.0
631,1523106000000,4.03e-06,4.04e-06,3.96e-06,3.98e-06,11549793.0
632,1523109600000,3.98e-06,4.03e-06,3.97e-06,4e-06,5275347.0
633,1523113200000,4.01e-06,4.13e-06,3.98e-06,4.1e-06,15211229.0
634,1523116800000,4.1e-06,4.1e-06,3.99e-06,4.04e-06,33399464.0
635,1523120400000,4.04e-06,4.07e-06,4e-06,4.06e-06,17737653.0
636,1523124000000,4.07e-06,4.07e-06,4.02e-06,4.02e-06,5997444.0
637,1523127600000,4.02e-06,4.06e-06,4e-06,4.01e-06,8060934.0
638,1523131200000,4.02e-06,4.04e-06,3.99e-06,4e-06,11780443.0
639,1523134800000,4e-06,4.04e-06,3.99e-06,4.01e-06,4555927.0
640,1523138400000,4.01e-06,4.06e-06,3.99e-06,4.01e-06,5436034.0
641,1523142000000,4.01e-06,4.06e-06,4.01e-06,4.02e-06,2814918.0
642,1523145600000,4.02e-06,4.05e-06,3.99e-06,4.01e-06,5047749.0
643,1523149200000,4.01e-06,4.03e-06,4e-06,4.02e-06,3745051.0
644,1523152800000,4.02e-06,4.05e-06,3.99e-06,4.01e-06,6305283.0
645,1523156400000,4.01e-06,4.02e-06,3.98e-06,4.01e-06,4821784.0
646,1523160000000,4.01e-06,4.01e-06,3.95e-06,3.99e-06,6232352.0
647,1523163600000,3.99e-06,4.02e-06,3.98e-06,3.98e-06,7658419.0
648,1523167200000,4e-06,4.03e-06,3.99e-06,3.99e-06,4930763.0
649,1523170800000,3.99e-06,4.05e-06,3.98e-06,4.02e-06,8626391.0
650,1523174400000,4.02e-06,4.04e-06,4e-06,4.03e-06,4496140.0
651,1523178000000,4.03e-06,4.12e-06,4.02e-06,4.09e-06,24251870.0
652,1523181600000,4.09e-06,4.11e-06,4.03e-06,4.09e-06,25029431.0
653,1523185200000,4.09e-06,4.55e-06,4.09e-06,4.24e-06,169482788.0
654,1523188800000,4.25e-06,4.32e-06,4.14e-06,4.18e-06,47516994.0
655,1523192400000,4.17e-06,4.29e-06,4.15e-06,4.22e-06,25571644.0
656,1523196000000,4.22e-06,4.34e-06,4.19e-06,4.22e-06,31307916.0
657,1523199600000,4.22e-06,4.23e-06,4.18e-06,4.21e-06,10016239.0
658,1523203200000,4.2e-06,4.21e-06,4.13e-06,4.14e-06,17797765.0
659,1523206800000,4.14e-06,4.18e-06,4.07e-06,4.17e-06,18605306.0
660,1523210400000,4.17e-06,4.18e-06,4.13e-06,4.13e-06,7792168.0
661,1523214000000,4.15e-06,4.18e-06,4.13e-06,4.17e-06,4136708.0
662,1523217600000,4.17e-06,4.18e-06,4.15e-06,4.16e-06,3926471.0
663,1523221200000,4.16e-06,4.17e-06,4.15e-06,4.16e-06,2962747.0
664,1523224800000,4.16e-06,4.33e-06,4.16e-06,4.2e-06,26711733.0
665,1523228400000,4.2e-06,4.24e-06,4.17e-06,4.24e-06,6402915.0
666,1523232000000,4.23e-06,4.24e-06,4.13e-06,4.18e-06,10590536.0
667,1523235600000,4.17e-06,4.18e-06,4.12e-06,4.14e-06,7547333.0
668,1523239200000,4.14e-06,4.18e-06,4.13e-06,4.15e-06,8217974.0
669,1523242800000,4.14e-06,4.19e-06,4.11e-06,4.15e-06,7353197.0
670,1523246400000,4.17e-06,4.21e-06,4.04e-06,4.1e-06,14181504.0
671,1523250000000,4.08e-06,4.14e-06,4e-06,4.12e-06,12975373.0
672,1523253600000,4.12e-06,4.13e-06,4.06e-06,4.1e-06,8194378.0
673,1523257200000,4.1e-06,4.11e-06,4.04e-06,4.06e-06,9403129.0
674,1523260800000,4.06e-06,4.24e-06,4.06e-06,4.14e-06,27130155.0
675,1523264400000,4.15e-06,4.18e-06,4.13e-06,4.14e-06,9492183.0
676,1523268000000,4.13e-06,4.15e-06,4.04e-06,4.05e-06,19589504.0
677,1523271600000,4.05e-06,4.14e-06,4.04e-06,4.09e-06,12880228.0
678,1523275200000,4.1e-06,4.14e-06,4.08e-06,4.09e-06,8574576.0
679,1523278800000,4.08e-06,4.12e-06,4.08e-06,4.09e-06,5587783.0
680,1523282400000,4.09e-06,4.11e-06,4.07e-06,4.1e-06,5382466.0
681,1523286000000,4.1e-06,4.11e-06,4.08e-06,4.1e-06,6559431.0
682,1523289600000,4.1e-06,4.14e-06,4.09e-06,4.13e-06,4867993.0
683,1523293200000,4.13e-06,4.2e-06,4.12e-06,4.13e-06,15701070.0
684,1523296800000,4.13e-06,4.13e-06,4.1e-06,4.11e-06,5797326.0
685,1523300400000,4.12e-06,4.15e-06,4.1e-06,4.14e-06,4915527.0
686,1523304000000,4.14e-06,4.15e-06,4.11e-06,4.13e-06,7722078.0
687,1523307600000,4.14e-06,4.21e-06,4.12e-06,4.16e-06,16854021.0
688,1523311200000,4.16e-06,4.21e-06,4.15e-06,4.17e-06,8135717.0
689,1523314800000,4.17e-06,4.2e-06,4.15e-06,4.15e-06,4032006.0
690,1523318400000,4.15e-06,4.18e-06,4.12e-06,4.13e-06,4802780.0
691,1523322000000,4.14e-06,4.14e-06,4.11e-06,4.13e-06,3532575.0
692,1523325600000,4.13e-06,4.17e-06,4.1e-06,4.12e-06,8243077.0
693,1523329200000,4.11e-06,4.13e-06,4.08e-06,4.1e-06,5010662.0
694,1523332800000,4.11e-06,4.13e-06,4.07e-06,4.11e-06,6615842.0
695,1523336400000,4.1e-06,4.15e-06,4.08e-06,4.12e-06,11352560.0
696,1523340000000,4.12e-06,4.14e-06,4.1e-06,4.11e-06,4553570.0
697,1523343600000,4.1e-06,4.13e-06,4.07e-06,4.11e-06,7921943.0
698,1523347200000,4.1e-06,4.12e-06,4.1e-06,4.12e-06,2646966.0
699,1523350800000,4.11e-06,4.13e-06,4.09e-06,4.12e-06,3267346.0
700,1523354400000,4.12e-06,4.19e-06,4.11e-06,4.14e-06,12339871.0
701,1523358000000,4.14e-06,4.17e-06,4.11e-06,4.13e-06,8268704.0
702,1523361600000,4.13e-06,4.21e-06,4.12e-06,4.21e-06,9848973.0
703,1523365200000,4.2e-06,4.22e-06,4.14e-06,4.16e-06,22396297.0
704,1523368800000,4.16e-06,4.16e-06,4.12e-06,4.15e-06,8964327.0
705,1523372400000,4.15e-06,4.15e-06,4.12e-06,4.13e-06,10027550.0
706,1523376000000,4.13e-06,4.14e-06,4.1e-06,4.13e-06,17364722.0
707,1523379600000,4.13e-06,4.16e-06,4.12e-06,4.14e-06,14932396.0
708,1523383200000,4.16e-06,4.18e-06,4.14e-06,4.14e-06,10920196.0
709,1523386800000,4.16e-06,4.18e-06,4.13e-06,4.16e-06,9674005.0
710,1523390400000,4.16e-06,4.18e-06,4.16e-06,4.18e-06,5092911.0
711,1523394000000,4.16e-06,4.19e-06,4.15e-06,4.18e-06,7896080.0
712,1523397600000,4.18e-06,4.21e-06,4.15e-06,4.18e-06,9685996.0
713,1523401200000,4.17e-06,4.19e-06,4.15e-06,4.18e-06,6638620.0
714,1523404800000,4.18e-06,4.19e-06,4.15e-06,4.16e-06,6862580.0
715,1523408400000,4.16e-06,4.25e-06,4.14e-06,4.24e-06,24752348.0
716,1523412000000,4.24e-06,4.25e-06,4.16e-06,4.2e-06,14428435.0
717,1523415600000,4.2e-06,4.24e-06,4.16e-06,4.19e-06,11530161.0
718,1523419200000,4.19e-06,4.23e-06,4.17e-06,4.21e-06,9589327.0
719,1523422800000,4.22e-06,4.22e-06,4.17e-06,4.18e-06,9514233.0
720,1523426400000,4.18e-06,4.2e-06,4.16e-06,4.16e-06,9483676.0
721,1523430000000,4.17e-06,4.22e-06,4.15e-06,4.19e-06,12246960.0
722,1523433600000,4.18e-06,4.21e-06,4.17e-06,4.19e-06,10512469.0
723,1523437200000,4.19e-06,4.21e-06,4.15e-06,4.19e-06,8752601.0
724,1523440800000,4.18e-06,4.22e-06,4.18e-06,4.22e-06,10875536.0
725,1523444400000,4.22e-06,4.42e-06,4.22e-06,4.28e-06,90236508.0
726,1523448000000,4.27e-06,4.31e-06,4.23e-06,4.25e-06,21472526.0
727,1523451600000,4.26e-06,4.39e-06,4.25e-06,4.37e-06,44786924.0
728,1523455200000,4.36e-06,4.43e-06,4.3e-06,4.38e-06,41587422.0
729,1523458800000,4.38e-06,4.39e-06,4.31e-06,4.36e-06,32538365.0
730,1523462400000,4.36e-06,4.61e-06,4.35e-06,4.49e-06,123263654.0
731,1523466000000,4.49e-06,4.57e-06,4.41e-06,4.43e-06,57370627.0
732,1523469600000,4.42e-06,4.46e-06,4.33e-06,4.37e-06,36699081.0
733,1523473200000,4.37e-06,4.49e-06,4.37e-06,4.44e-06,22447442.0
734,1523476800000,4.43e-06,4.45e-06,4.39e-06,4.45e-06,14705629.0
735,1523480400000,4.44e-06,4.45e-06,4.38e-06,4.42e-06,13854760.0
736,1523484000000,4.41e-06,4.46e-06,4.39e-06,4.45e-06,12341388.0
737,1523487600000,4.44e-06,4.46e-06,4.29e-06,4.32e-06,25996533.0
738,1523491200000,4.32e-06,4.37e-06,4.2e-06,4.32e-06,36704060.0
739,1523494800000,4.32e-06,4.34e-06,4.27e-06,4.31e-06,10920585.0
740,1523498400000,4.31e-06,4.37e-06,4.3e-06,4.32e-06,8743146.0
741,1523502000000,4.31e-06,4.41e-06,4.3e-06,4.41e-06,10955246.0
742,1523505600000,4.38e-06,4.43e-06,4.33e-06,4.38e-06,13360355.0
743,1523509200000,4.38e-06,4.46e-06,4.35e-06,4.41e-06,14759107.0
744,1523512800000,4.4e-06,4.41e-06,4.26e-06,4.26e-06,20737153.0
745,1523516400000,4.26e-06,4.34e-06,4.15e-06,4.3e-06,32480840.0
746,1523520000000,4.29e-06,4.33e-06,4.28e-06,4.33e-06,9081945.0
747,1523523600000,4.31e-06,4.33e-06,4.27e-06,4.3e-06,7262543.0
748,1523527200000,4.3e-06,4.38e-06,4.28e-06,4.36e-06,15977641.0
749,1523530800000,4.37e-06,4.37e-06,3.92e-06,4.08e-06,79096297.0
750,1523534400000,4.09e-06,4.19e-06,4.05e-06,4.14e-06,27931008.0
751,1523538000000,4.14e-06,4.47e-06,4.14e-06,4.28e-06,61837359.0
752,1523541600000,4.28e-06,4.33e-06,4.22e-06,4.24e-06,17162182.0
753,1523545200000,4.25e-06,4.27e-06,4.2e-06,4.23e-06,14248806.0
754,1523548800000,4.24e-06,4.26e-06,4.2e-06,4.23e-06,10266517.0
755,1523552400000,4.23e-06,4.24e-06,4.16e-06,4.21e-06,10769528.0
756,1523556000000,4.21e-06,4.24e-06,4.2e-06,4.22e-06,5065064.0
757,1523559600000,4.22e-06,4.22e-06,4.19e-06,4.21e-06,5343151.0
758,1523563200000,4.2e-06,4.21e-06,4.15e-06,4.18e-06,12369767.0
759,1523566800000,4.18e-06,4.23e-06,4.17e-06,4.19e-06,12136710.0
760,1523570400000,4.19e-06,4.26e-06,4.17e-06,4.23e-06,7908980.0
761,1523574000000,4.23e-06,4.27e-06,4.19e-06,4.21e-06,12984834.0
762,1523577600000,4.21e-06,4.26e-06,4.2e-06,4.24e-06,16390330.0
763,1523581200000,4.23e-06,4.25e-06,4.22e-06,4.23e-06,11341467.0
764,1523584800000,4.23e-06,4.24e-06,4.18e-06,4.21e-06,7985278.0
765,1523588400000,4.23e-06,4.27e-06,4.18e-06,4.25e-06,10499067.0
766,1523592000000,4.25e-06,4.25e-06,4.2e-06,4.24e-06,7268101.0
767,1523595600000,4.24e-06,4.25e-06,4.21e-06,4.23e-06,5290877.0
768,1523599200000,4.23e-06,4.25e-06,4.21e-06,4.24e-06,4052928.0
769,1523602800000,4.24e-06,4.3e-06,4.16e-06,4.2e-06,26875551.0
770,1523606400000,4.2e-06,4.3e-06,4.18e-06,4.21e-06,34281963.0
771,1523610000000,4.22e-06,4.27e-06,4.15e-06,4.21e-06,31001232.0
772,1523613600000,4.21e-06,4.21e-06,4.14e-06,4.19e-06,31394827.0
773,1523617200000,4.19e-06,4.23e-06,4.17e-06,4.22e-06,14554668.0
774,1523620800000,4.21e-06,4.27e-06,4.2e-06,4.23e-06,25018339.0
775,1523624400000,4.23e-06,4.31e-06,4.18e-06,4.22e-06,40669689.0
776,1523628000000,4.22e-06,4.22e-06,4.17e-06,4.2e-06,19297812.0
777,1523631600000,4.21e-06,4.44e-06,4.2e-06,4.36e-06,95772320.0
778,1523635200000,4.36e-06,4.37e-06,4.31e-06,4.35e-06,54886928.0
779,1523638800000,4.36e-06,4.58e-06,4.32e-06,4.58e-06,51691438.0
780,1523642400000,4.58e-06,4.58e-06,4.41e-06,4.43e-06,72023083.0
781,1523646000000,4.42e-06,4.55e-06,4.37e-06,4.44e-06,68037952.0
782,1523649600000,4.44e-06,4.47e-06,4.24e-06,4.28e-06,60289531.0
783,1523653200000,4.29e-06,4.36e-06,4.25e-06,4.35e-06,49635392.0
784,1523656800000,4.34e-06,4.35e-06,4.25e-06,4.29e-06,26953071.0
785,1523660400000,4.29e-06,4.34e-06,4.24e-06,4.34e-06,49260284.0
786,1523664000000,4.34e-06,4.34e-06,4.22e-06,4.25e-06,19554275.0
787,1523667600000,4.25e-06,4.28e-06,4.23e-06,4.27e-06,8983471.0
788,1523671200000,4.27e-06,4.31e-06,4.24e-06,4.28e-06,13284911.0
789,1523674800000,4.28e-06,4.32e-06,4.28e-06,4.3e-06,15800625.0
790,1523678400000,4.3e-06,4.49e-06,4.29e-06,4.33e-06,29781552.0
791,1523682000000,4.33e-06,4.38e-06,4.33e-06,4.37e-06,15013999.0
792,1523685600000,4.36e-06,4.36e-06,4.3e-06,4.32e-06,15428722.0
793,1523689200000,4.32e-06,4.44e-06,4.31e-06,4.44e-06,26427157.0
794,1523692800000,4.44e-06,4.47e-06,4.38e-06,4.4e-06,31406775.0
795,1523696400000,4.4e-06,4.45e-06,4.39e-06,4.41e-06,22580643.0
796,1523700000000,4.41e-06,4.42e-06,4.33e-06,4.34e-06,24932746.0
797,1523703600000,4.34e-06,4.42e-06,4.34e-06,4.36e-06,26082466.0
798,1523707200000,4.37e-06,4.38e-06,4.27e-06,4.29e-06,37760314.0
799,1523710800000,4.3e-06,4.4e-06,4.29e-06,4.39e-06,19783396.0
800,1523714400000,4.39e-06,4.4e-06,4.33e-06,4.36e-06,13598568.0
801,1523718000000,4.37e-06,4.42e-06,4.35e-06,4.38e-06,19598013.0
802,1523721600000,4.38e-06,4.5e-06,4.36e-06,4.43e-06,57227832.0
803,1523725200000,4.43e-06,4.44e-06,4.35e-06,4.38e-06,20459824.0
804,1523728800000,4.38e-06,4.43e-06,4.37e-06,4.39e-06,14663271.0
805,1523732400000,4.41e-06,4.42e-06,4.38e-06,4.4e-06,10282605.0
806,1523736000000,4.39e-06,4.47e-06,4.37e-06,4.44e-06,21144841.0
807,1523739600000,4.44e-06,4.47e-06,4.42e-06,4.45e-06,11635973.0
808,1523743200000,4.45e-06,4.49e-06,4.43e-06,4.47e-06,28674482.0
809,1523746800000,4.47e-06,4.49e-06,4.43e-06,4.46e-06,19482086.0
810,1523750400000,4.46e-06,4.5e-06,4.42e-06,4.47e-06,16582261.0
811,1523754000000,4.48e-06,4.61e-06,4.45e-06,4.54e-06,37140841.0
812,1523757600000,4.54e-06,4.55e-06,4.43e-06,4.46e-06,20588035.0
813,1523761200000,4.45e-06,4.5e-06,4.43e-06,4.48e-06,16426636.0
814,1523764800000,4.48e-06,4.51e-06,4.44e-06,4.49e-06,12863364.0
815,1523768400000,4.48e-06,4.56e-06,4.47e-06,4.5e-06,16706768.0
816,1523772000000,4.5e-06,4.55e-06,4.48e-06,4.53e-06,18045747.0
817,1523775600000,4.52e-06,4.61e-06,4.51e-06,4.6e-06,17824257.0
818,1523779200000,4.6e-06,4.88e-06,4.6e-06,4.71e-06,136488949.0
819,1523782800000,4.71e-06,4.78e-06,4.64e-06,4.65e-06,37281225.0
820,1523786400000,4.65e-06,4.77e-06,4.62e-06,4.71e-06,30517388.0
821,1523790000000,4.72e-06,4.78e-06,4.57e-06,4.61e-06,53762253.0
822,1523793600000,4.6e-06,4.7e-06,4.6e-06,4.66e-06,28404938.0
823,1523797200000,4.65e-06,4.69e-06,4.54e-06,4.63e-06,32245312.0
824,1523800800000,4.63e-06,4.67e-06,4.58e-06,4.63e-06,17399431.0
825,1523804400000,4.62e-06,4.66e-06,4.62e-06,4.64e-06,14203768.0
826,1523808000000,4.63e-06,4.69e-06,4.59e-06,4.66e-06,18489134.0
827,1523811600000,4.65e-06,4.7e-06,4.64e-06,4.66e-06,15381185.0
828,1523815200000,4.66e-06,4.69e-06,4.65e-06,4.66e-06,11612175.0
829,1523818800000,4.67e-06,4.67e-06,4.62e-06,4.62e-06,12385033.0
830,1523822400000,4.63e-06,4.65e-06,4.6e-06,4.62e-06,10413670.0
831,1523826000000,4.62e-06,4.64e-06,4.61e-06,4.64e-06,5309820.0
832,1523829600000,4.64e-06,4.69e-06,4.62e-06,4.65e-06,8528614.0
833,1523833200000,4.65e-06,4.66e-06,4.6e-06,4.63e-06,9202938.0
834,1523836800000,4.63e-06,4.66e-06,4.55e-06,4.61e-06,17246815.0
835,1523840400000,4.62e-06,4.65e-06,4.52e-06,4.56e-06,18133767.0
836,1523844000000,4.56e-06,4.61e-06,4.46e-06,4.5e-06,27778633.0
837,1523847600000,4.5e-06,4.55e-06,4.43e-06,4.51e-06,11899242.0
838,1523851200000,4.51e-06,4.54e-06,4.5e-06,4.51e-06,6569894.0
839,1523854800000,4.51e-06,4.52e-06,4.44e-06,4.46e-06,16086627.0
840,1523858400000,4.46e-06,4.46e-06,4.38e-06,4.44e-06,19438412.0
841,1523862000000,4.45e-06,4.55e-06,4.43e-06,4.5e-06,10110101.0
842,1523865600000,4.5e-06,4.52e-06,4.46e-06,4.5e-06,8746500.0
843,1523869200000,4.5e-06,4.51e-06,4.43e-06,4.45e-06,11321675.0
844,1523872800000,4.44e-06,4.5e-06,4.43e-06,4.48e-06,7995289.0
845,1523876400000,4.49e-06,4.5e-06,4.44e-06,4.47e-06,10592184.0
846,1523880000000,4.47e-06,4.47e-06,4.35e-06,4.39e-06,29948642.0
847,1523883600000,4.4e-06,4.43e-06,4.37e-06,4.4e-06,16009814.0
848,1523887200000,4.4e-06,4.45e-06,4.4e-06,4.43e-06,10521196.0
849,1523890800000,4.42e-06,4.47e-06,4.41e-06,4.45e-06,6671841.0
850,1523894400000,4.45e-06,4.46e-06,4.42e-06,4.44e-06,4307058.0
851,1523898000000,4.43e-06,4.45e-06,4.4e-06,4.45e-06,14782776.0
852,1523901600000,4.45e-06,4.48e-06,4.42e-06,4.46e-06,24210391.0
853,1523905200000,4.46e-06,4.47e-06,4.42e-06,4.43e-06,12457157.0
854,1523908800000,4.42e-06,4.45e-06,4.41e-06,4.44e-06,10130889.0
855,1523912400000,4.44e-06,4.47e-06,4.43e-06,4.43e-06,7790467.0
856,1523916000000,4.44e-06,4.48e-06,4.43e-06,4.46e-06,9519314.0
857,1523919600000,4.47e-06,4.52e-06,4.44e-06,4.48e-06,12973061.0
858,1523923200000,4.48e-06,4.53e-06,4.45e-06,4.46e-06,10862134.0
859,1523926800000,4.46e-06,4.47e-06,4.42e-06,4.44e-06,7901959.0
860,1523930400000,4.44e-06,4.45e-06,4.36e-06,4.42e-06,11816359.0
861,1523934000000,4.42e-06,4.43e-06,4.39e-06,4.42e-06,8175388.0
862,1523937600000,4.42e-06,4.44e-06,4.4e-06,4.4e-06,7156296.0
863,1523941200000,4.41e-06,4.52e-06,4.4e-06,4.47e-06,18818327.0
864,1523944800000,4.48e-06,4.5e-06,4.45e-06,4.47e-06,12472058.0
865,1523948400000,4.48e-06,4.53e-06,4.45e-06,4.46e-06,22363622.0
866,1523952000000,4.47e-06,4.47e-06,4.41e-06,4.47e-06,12590445.0
867,1523955600000,4.47e-06,4.56e-06,4.46e-06,4.55e-06,20253358.0
868,1523959200000,4.56e-06,4.61e-06,4.5e-06,4.54e-06,30247462.0
869,1523962800000,4.52e-06,4.56e-06,4.49e-06,4.55e-06,14478166.0
870,1523966400000,4.55e-06,4.57e-06,4.52e-06,4.53e-06,18851140.0
871,1523970000000,4.53e-06,4.6e-06,4.5e-06,4.55e-06,19191883.0
872,1523973600000,4.54e-06,4.57e-06,4.48e-06,4.54e-06,34397301.0
873,1523977200000,4.54e-06,4.58e-06,4.51e-06,4.54e-06,17188099.0
874,1523980800000,4.55e-06,4.56e-06,4.52e-06,4.53e-06,9697599.0
875,1523984400000,4.54e-06,4.59e-06,4.51e-06,4.55e-06,15866553.0
876,1523988000000,4.54e-06,4.55e-06,4.47e-06,4.49e-06,17187357.0
877,1523991600000,4.5e-06,4.52e-06,4.45e-06,4.51e-06,16588271.0
878,1523995200000,4.5e-06,4.52e-06,4.48e-06,4.48e-06,6794348.0
879,1523998800000,4.48e-06,4.5e-06,4.45e-06,4.47e-06,12663967.0
880,1524002400000,4.46e-06,4.55e-06,4.45e-06,4.5e-06,25094586.0
